prompt,model,story
"Ashe, the Frost Archer, stalks her prey in the icy forests of Freljord. Continue the story:",base,"Ashe, the Frost Archer, stalks her prey in the icy forests of Freljord. Continue the story: Freljord: The Huntress is a full length novel featuring Ashe, the Frost Archer, with a new side story and companion stories for a selection of players.

This content requires the base game Freljord: The Huntress on Steam in order to play.

About the Freljord: The Huntress Story

In Freljord: The Huntress players take on the role of Ashe, a Freljord woman who has lost everything and dreams of returning to her family and tribe. Travel to a mythical forest to find the people who still remember you and learn what"
"Ashe, the Frost Archer, stalks her prey in the icy forests of Freljord. Continue the story:",fine_tuned,"Ashe, the Frost Archer, stalks her prey in the icy forests of Freljord. Continue the story: [link]

Chocolate

In life, chocolate was more than a treat. Beneath its sweet surface lay a deadly and powerful poison. In death, it was remade into something new.

[Link](Name)

This was the boy who had been dragged from the glade by the forest. His mother, the red-haired woman, rushed to his side. He clutched at her in pain and tears, his head twisted to avoid her gaze. She ran a hand down his body as he fainted.

Chocolate. He had known it was dangerous. He had"
"Zed, the Master of Shadows, prepares his ultimate strike at dusk. Continue the tale:",base,"Zed, the Master of Shadows, prepares his ultimate strike at dusk. Continue the tale: How it began: The Night of Nightmares is a three-part short story-style adventure for 5th Edition D&D, written by Jonathan Tweet. There are no monsters or PCs in this episode—the plot kicks off in a tavern. The party has been hired by a wealthy merchant to retrieve a shipment of goods. But as they explore the dark warehouse, the ship's cargo proves to be far more sinister than the merchant would expect. How it ends: The Night of Nightmares is a full-length adventure for 5th Edition D&D, written by Jonathan Tweet. If you want to know more about this adventure, check out its page here"
"Zed, the Master of Shadows, prepares his ultimate strike at dusk. Continue the tale:",fine_tuned,"Zed, the Master of Shadows, prepares his ultimate strike at dusk. Continue the tale:

Zed the Illuminator

Trundle’s apprentice, Zed the Illuminator, was destined to become a master of the dark arts... but in a misguided quest to save the dying world of Shurima, he unleashed an arcane plague that transformed its denizens into bloodthirsty monsters...

For centuries, Zed had studied and practiced the ancient magic of shadow. His master’s instructions were clear: Zed should not draw attention to himself. He should not draw the gaze of the living. That was what the elders’ great master, Master Trundle, had told him.
"
"Soraka, the Starchild, descends to heal the wounded on the Fields of Justice. Continue:",base,"Soraka, the Starchild, descends to heal the wounded on the Fields of Justice. Continue: The Dark Hunters make their attack.

The team manages to escape the field of battle only to have The Beast appear and chase after them. The Dark Hunters then proceed to duel The Beast and are soon overpowered by his attack.

After The Beast leaves, Soraka decides to help her teammates and leads them away from the battlefield. Once they are out of sight, her team returns to the safety of the fountain, where they discuss the aftermath.

In the aftermath, the team realizes that the battle took an unexpected turn. Soraka decides to investigate the Dark Hunters to see what had happened. Soraka and the rest"
"Soraka, the Starchild, descends to heal the wounded on the Fields of Justice. Continue:",fine_tuned,"Soraka, the Starchild, descends to heal the wounded on the Fields of Justice. Continue: The Wandering Caretaker Soraka and the rest of the Wandering Caretaker caravan travel through the lush jungles of Ionia, seeking out any who might be wounded and in need of our aid. Follow me: I will be waiting for you on the edge of the jungle. We will need to be quick.

I will be waiting for you on the edge of the jungle. We will need to be quick. Follow me!

I see the Starchild standing before you, her shield and spear protecting her from the sun and the jungle. You carry something that could save her life. What is it?"
"Dr. Mundo, the Madman of Zaun, rampages through the chem‑labs. Continue:",base,"Dr. Mundo, the Madman of Zaun, rampages through the chem‑labs. Continue: ""The mad man is here."" You can use your mouse to zoom in on his silhouette and get a better look. ""I see someone else...I don't know where they came from...they seem familiar...but they don't belong...""

Once he is defeated, he will offer his services to you as a mercenary.


He'll start out with three different skills:


- Melee Weapons: He has level 50 ranged and melee weapons.

- Medicinal Herbs: He has access to a medicinal herb shop.


The first one is the default. Once you pick this, he'll offer"
"Dr. Mundo, the Madman of Zaun, rampages through the chem‑labs. Continue:",fine_tuned,"Dr. Mundo, the Madman of Zaun, rampages through the chem‑labs. Continue: Dr. Mundo – The Madman of Zaun

Dr. Mundo was the most intelligent of the Zaunite chem­labs: a deranged madman bent on world conquest. Once, he reared his impudent head above Zaun, his maniacal laughter echoing across the city like a funeral dirge. He would have succeeded where his forebears had failed: if not for the intervention of the humble chemist Shuriman, and the heroic sacrifice of his only assistant, Vysar.
“Do you know how to make a bomb,” Vysar asked, after"
"Jinx, the Loose Cannon, plots her next explosive prank in Piltover. Continue:",base,"Jinx, the Loose Cannon, plots her next explosive prank in Piltover. Continue:

Jinx, the Loose Cannon, plots her next explosive prank in Piltover. Jaxx, the Gadgetzan Tinkerer, wants to fix that. Find out how in this special episode. Continue:

Jaxx, the Gadgetzan Tinkerer, wants to fix that. Jaxx, the Gadgetzan Tinkerer, wants to fix that. Mage Legendary Deck: The Old Gods continues! Find out how the meta is changing with a look at Mage Legendary! Continue:

Mage Legendary Deck: The Old Gods continues! Find out how the meta is changing with a look at Mage Legendary"
"Jinx, the Loose Cannon, plots her next explosive prank in Piltover. Continue:",fine_tuned,"Jinx, the Loose Cannon, plots her next explosive prank in Piltover. Continue: The Trickshot Trick Shot

A Trickshot is a device similar to a sniper rifle. It fires high velocity bullets at incredible speed at targets that must be precisely aimed and hit. The Trickshots in Piltover are powerful enough to knock down entire buildings. Although the Trickshots are dangerous to carry around in a pouch, its high velocity bullets have a high kill-ratio and a high spread of bullet impacts, resulting in a devastating impact.
“I see you, Jayce.” Senna stared at the door. “Are you afraid of this place?”

“Do"
